email,name,date_of_birth,address,telephone,credit_card_number,credit_card_franchise
stacie_wintheiser@connelly.biz,Hong Dooley,1981-August-11,,(523) 451-3678,17294730468211,Visa
toshia.conroy@gleason.com,Alphonse Wilderman,1997-December-12,42403 Abshire Shoals,128-632-7855,231224679342801,American Express
kenton@howell.com,Jeramy Macejkovic,1991-September-20,2748 Zola Expressway,881.622.1284,,Diners Club
zina@bayer-lueilwitz.name,Dottie Kerluke,1975-May-6,83094 Austin Walk,700.170.7978,129449673798387,Discover
lewis.mckenzie@carter.info,Maple Kassulke,1972-February-18,95244 Rosenbaum Expressway,317.177.3054,231140065392212,MasterCard
wilbert@heller.com,Maddie Thiel,1988-November-12,629 Hilpert Orchard,707-852-8318,114269651518450,Visa
patience@harber.name,Ralph Goldner,1997-February-3,25990 Yost Stream,553-077-7849,300398103676067,American Express
tony@homenick-lind.net,Hosea Larkin,2005-December-2,586 Forest Ford,1-271-684-8984,80995828052872,Diners Club
jc@mayert-nienow.biz,Miss Loyd Cremin,1976-02-03,,705-845-6080,82216725068803,Discover
rusty.roobcrona.net,Olive Kassulke,1991-11-19,4575 Kling Landing,798.533.0550,76448568089054,MasterCard
stacie_wintheiser@connelly.biz,Dwight Glover,1991-05-10,9500 Tammera Mountain,1-938-661-3245,57013375478808,Visa
carmelo@davis.name,Barton Morar II,1970-09-25,388 Markus Tunnel,1-736-646-2175,4243205851962,American Express
tiera.corkery@bartoletti.net,Roderick Kuhlman,1997-05-16,55168 Steve Prairie,(632) 270-7640,221985642156243,Diners Club
madelaine.medhurst@legros.com,Faustino Tillman,1996-03-10,5710 Hermiston Inlet,725-474-2018,174326071117794,Discover
ione.abshire@reynolds.name,Jordan Veum DVM,2009-06-02,195 Rhett Springs,1-449-488-9516,237840999345999,MasterCard
jae@huels-will.biz,Qiana Tillman,1975-08-21,64501 Crist Stravenue,929.177.9081,142939193155876,Diners Club
elisha@mann,Mr. Roberta Larkin,1972-05-19,,1-229-173-4009,281988403450701,Discover
al.mills@vonrueden-cremin.biz,Jonell Stark III,1990-10-05,53558 Anderson Canyon,1-658-773-1027,215971299670496,MasterCard
stacie_wintheiser@connelly.biz,Sen. Donovan Swift,1983-05-15,536 Mante Stream,1-478-494-3025,202599354772955,Visa
leigh.murphy@gleason.info,Dorthea Brown,1972-01-06,3889 Gottlieb Way,871-844-0063,268114716717446,American Express
johnie_casper@wyman.com,Josue Casper,1999-07-08,,1-469-718-5287,286178559555497,Diners Club
mohammed.bergnaum@senger.name,Stacy Wilkinson,2002-05-31,204 Melvina Mews,(796) 873-7916,,American Express
sharla@hoeger.org,Joana Prosacco,1996-04-07,9996 Raynor Points,(641) 014-5242,211492514927399,Diners Club
curtis@balistreri.com,Pamula Wisozk,1992-08-08,6215 Simonis Path,544.479.6553,261859550666331,Discover
eugenio_mo,Ramon Fay Esq.,2006-12-06,5367 Jaymie Views,668.617.2606,219127695125957,MasterCard
danial_aufderhar@hahn-okon.net,Carrol Ward,1990-09-29,7201 Long Underpass,215.915.5739,260455414120730,Diners Club
stacie_wintheiser@connelly.biz,Dalton Anderson,1995-12-11,9469 Batz Ranch,1-530-171-9671,302500930373694,American Express
trent.nader@beahan-pacocha.info,Alicia Stehr,1986-06-03,6297 Green Prairie,901-763-5228,221778787293480,Diners Club
georgine_gutmann@konopelski.name,Allan Satterfield,1995-07-25,55679 Darrin Gardens,1-313-168-7541,79933744705624,Discover
earnestine@lehner.net,Sam Wiza,1994-05-24,47757 Watsica Streets,727-765-8705,244512120385067,MasterCard